t,s
0.000000,0.000
0.010000,0.007
0.020000,0.076
0.030000,0.262
0.040000,0.549
0.050000,0.943
0.060000,1.442
0.070000,1.786
0.080000,2.148
0.090000,3.029
0.100000,3.811
0.110000,3.828
0.120000,4.808
0.130000,4.839
0.140000,5.727
0.150000,5.713
0.160000,6.747
0.170000,5.993
0.180000,6.717
0.190000,6.904
0.200000,7.992
0.210000,8.060
0.220000,7.112
0.230000,6.235
0.240000,5.594
0.250000,0.324
0.260000,2.482
0.270000,1.070
0.280000,2.823
0.290000,-2.146
0.300000,0.248
0.310000,-2.657
0.320000,-3.393
0.330000,-7.837
0.340000,-5.555
0.350000,-6.356
0.360000,-7.692
0.370000,-11.556
0.380000,-15.391
0.390000,-21.075
0.400000,-27.691
0.410000,-25.026
0.420000,-16.125
0.430000,-21.368
0.440000,-23.435
0.450000,-19.263
0.460000,-34.684
0.470000,-39.983
0.480000,-44.983
0.490000,-44.654
0.500000,-51.619
0.510000,-60.544
0.520000,-70.698
0.530000,-67.132
0.540000,-89.583
0.550000,-89.177
0.560000,-111.485
0.570000,-118.268
0.580000,-117.747
0.590000,-117.892
0.600000,-135.958
0.610000,-117.922
0.620000,-143.832
0.630000,-132.686
0.640000,-137.393
0.650000,-143.857
0.660000,-157.644
0.670000,-152.541
0.680000,-155.963
0.690000,-158.410
0.700000,-166.840
0.710000,-155.581
0.720000,-182.632
0.730000,-179.771
0.740000,-190.283
0.750000,-197.495
0.760000,-196.251
0.770000,-206.247
0.780000,-225.597
0.790000,-207.038
0.800000,-207.527
0.810000,-222.164
0.820000,-217.020
0.830000,-230.328
0.840000,-242.858
0.850000,-245.198
0.860000,-255.818
0.870000,-264.702
0.880000,-253.253
0.890000,-242.559
0.900000,-245.995
0.910000,-239.180
0.920000,-245.891
0.930000,-249.067
0.940000,-234.654
0.950000,-250.854
0.960000,-265.833
0.970000,-267.157
0.980000,-258.354
0.990000,-277.031
1.000000,-268.842
1.010000,-279.054
1.020000,-276.927
1.030000,-295.758
1.040000,-283.743
1.050000,-305.558
1.060000,-302.737
1.070000,-317.144
1.080000,-310.057
1.090000,-308.463
1.100000,-302.753
1.110000,-304.244
1.120000,-296.203
1.130000,-313.968
1.140000,-310.750
1.150000,-325.457
1.160000,-333.278
1.170000,-336.932
1.180000,-309.785
1.190000,-324.529
1.200000,-311.884
1.210000,-320.402
1.220000,-313.823
1.230000,-320.684
1.240000,-336.887
1.250000,-331.523
1.260000,-317.394
1.270000,-317.987
1.280000,-338.924
1.290000,-335.949
1.300000,-312.570
1.310000,-326.049
1.320000,-338.192
1.330000,-347.702
1.340000,-345.391
1.350000,-345.949
1.360000,-320.243
1.370000,-336.133
1.380000,-345.624
1.390000,-312.866
1.400000,-317.724
1.410000,-341.563
1.420000,-321.673
1.430000,-335.228
1.440000,-329.645
1.450000,-313.341
1.460000,-329.596
1.470000,-325.158
1.480000,-333.352
1.490000,-322.093
1.500000,-325.018
1.510000,-322.862
1.520000,-339.646
1.530000,-322.377
1.540000,-332.696
1.550000,-325.917
1.560000,-331.166
1.570000,-325.787
1.580000,-336.491
1.590000,-320.108
1.600000,-328.788
1.610000,-334.605
1.620000,-335.848
1.630000,-331.048
1.640000,-344.260
1.650000,-326.685
1.660000,-333.010
1.670000,-330.395
1.680000,-335.907
1.690000,-336.728
1.700000,-340.879
1.710000,-330.422
1.720000,-341.805
1.730000,-318.801
1.740000,-325.584
1.750000,-319.673
1.760000,-313.838
1.770000,-334.231
1.780000,-307.822
1.790000,-308.309
1.800000,-342.020
1.810000,-330.470
1.820000,-319.413
1.830000,-315.326
1.840000,-313.116
1.850000,-319.915
1.860000,-311.259
1.870000,-299.605
1.880000,-298.097
1.890000,-310.284
1.900000,-286.947
1.910000,-293.739
1.920000,-278.214
1.930000,-299.913
1.940000,-298.013
1.950000,-292.303
1.960000,-267.084
1.970000,-278.101
1.980000,-280.741
1.990000,-283.998
2.000000,-276.294
2.010000,-296.693
2.020000,-286.823
2.030000,-287.815
2.040000,-281.737
2.050000,-282.668
2.060000,-287.263
2.070000,-281.047
2.080000,-258.440
2.090000,-299.498
2.100000,-274.873
2.110000,-293.306
2.120000,-278.085
2.130000,-269.449
2.140000,-268.371
2.150000,-277.775
2.160000,-271.670
2.170000,-277.833
2.180000,-272.633
2.190000,-280.263
2.200000,-272.757
2.210000,-267.887
2.220000,-254.174
2.230000,-260.473
2.240000,-270.079
2.250000,-271.296
2.260000,-263.695
2.270000,-277.463
2.280000,-279.640
2.290000,-277.210
2.300000,-257.322
2.310000,-265.103
2.320000,-255.883
2.330000,-249.535
2.340000,-245.521
2.350000,-255.726
2.360000,-251.186
2.370000,-231.995
2.380000,-241.522
2.390000,-242.927
2.400000,-234.181
2.410000,-224.150
2.420000,-220.094
2.430000,-214.194
2.440000,-222.778
2.450000,-209.098
2.460000,-220.466
2.470000,-212.680
2.480000,-227.525
2.490000,-209.622
2.500000,-223.722
2.510000,-230.979
2.520000,-237.109
2.530000,-238.525
2.540000,-236.725
2.550000,-242.731
2.560000,-238.909
2.570000,-233.488
2.580000,-258.918
2.590000,-237.374
2.600000,-237.462
2.610000,-253.114
2.620000,-268.041
2.630000,-249.581
2.640000,-265.223
2.650000,-266.105
2.660000,-254.059
2.670000,-252.404
2.680000,-244.302
2.690000,-239.139
2.700000,-251.463
2.710000,-248.052
2.720000,-232.223
2.730000,-230.933
2.740000,-219.935
2.750000,-215.626
2.760000,-196.034
2.770000,-198.397
2.780000,-194.398
2.790000,-203.686
2.800000,-201.544
2.810000,-197.892
2.820000,-168.109
2.830000,-153.823
2.840000,-152.243
2.850000,-163.584
2.860000,-152.734
2.870000,-156.875
2.880000,-151.892
2.890000,-146.152
2.900000,-137.749
2.910000,-141.951
2.920000,-131.033
2.930000,-142.918
2.940000,-150.581
2.950000,-164.281
2.960000,-159.617
2.970000,-156.668
2.980000,-143.870
2.990000,-154.779
3.000000,-150.238
3.010000,-164.196
3.020000,-142.549
3.030000,-157.482
3.040000,-157.006
3.050000,-137.450
3.060000,-129.174
3.070000,-136.331
3.080000,-124.020
3.090000,-121.077
3.100000,-125.914
3.110000,-145.910
3.120000,-147.911
3.130000,-139.224
3.140000,-116.118
3.150000,-112.068
3.160000,-120.010
3.170000,-130.263
3.180000,-105.087
3.190000,-103.538
3.200000,-93.954
3.210000,-94.437
3.220000,-57.710
3.230000,-65.016
3.240000,-69.536
3.250000,-50.179
3.260000,-45.112
3.270000,-42.166
3.280000,-43.048
3.290000,-65.910
3.300000,-34.623
3.310000,-26.769
3.320000,-32.893
3.330000,-25.963
3.340000,-29.968
3.350000,-21.552
3.360000,-20.593
3.370000,-17.117
3.380000,-16.937
3.390000,-5.274
3.400000,-4.035
3.410000,9.546
3.420000,4.555
3.430000,9.153
3.440000,17.255
3.450000,27.545
3.460000,26.446
3.470000,29.679
3.480000,31.327
3.490000,41.445
3.500000,23.061
3.510000,38.830
3.520000,26.071
3.530000,26.260
3.540000,30.475
3.550000,47.351
3.560000,54.897
3.570000,57.492
3.580000,51.452
3.590000,65.264
3.600000,54.723
3.610000,60.528
3.620000,76.146
3.630000,78.707
3.640000,80.272
3.650000,76.944
3.660000,88.364
3.670000,108.908
3.680000,103.941
3.690000,103.283
3.700000,108.393
3.710000,115.930
3.720000,105.936
3.730000,117.915
3.740000,138.281
3.750000,138.685
3.760000,140.765
3.770000,138.664
3.780000,129.067
3.790000,137.545
3.800000,143.750
3.810000,147.952
3.820000,157.081
3.830000,137.652
3.840000,145.203
3.850000,167.022
3.860000,180.078
3.870000,171.683
3.880000,167.283
3.890000,158.070
3.900000,157.445
3.910000,166.772
3.920000,164.487
3.930000,159.092
3.940000,176.133
3.950000,178.778
3.960000,173.116
3.970000,198.546
3.980000,188.943
3.990000,191.725
4.000000,204.818
4.010000,194.126
4.020000,236.323
4.030000,218.968
4.040000,215.004
4.050000,227.494
4.060000,245.495
4.070000,234.747
4.080000,228.674
4.090000,236.140
4.100000,251.236
4.110000,229.342
4.120000,255.399
4.130000,259.595
4.140000,268.061
4.150000,251.535
4.160000,258.190
4.170000,260.294
4.180000,269.465
4.190000,264.590
4.200000,271.624
4.210000,271.010
4.220000,261.829
4.230000,256.676
4.240000,280.370
4.250000,264.741
4.260000,278.787
4.270000,280.008
4.280000,264.812
4.290000,273.758
4.300000,276.932
4.310000,283.270
4.320000,284.749
4.330000,302.166
4.340000,302.451
4.350000,291.822
4.360000,290.915
4.370000,294.511
4.380000,286.257
4.390000,293.362
4.400000,308.087
4.410000,323.566
4.420000,329.999
4.430000,350.159
4.440000,330.352
4.450000,351.282
4.460000,346.678
4.470000,332.685
4.480000,318.460
4.490000,330.171
4.500000,338.922
4.510000,346.229
4.520000,335.578
4.530000,356.948
4.540000,348.018
4.550000,350.581
4.560000,352.658
4.570000,349.750
4.580000,335.503
4.590000,371.959
4.600000,363.653
4.610000,346.266
4.620000,367.639
4.630000,368.691
4.640000,364.150
4.650000,369.567
4.660000,358.048
4.670000,379.641
4.680000,363.258
4.690000,369.434
4.700000,363.994
4.710000,314.793
4.720000,250.049
4.730000,198.924
4.740000,238.917
4.750000,377.138
4.760000,669.923
4.770000,789.500
4.780000,463.323
4.790000,50.832
4.800000,81.476
4.810000,420.688
4.820000,639.503
4.830000,630.653
4.840000,604.955
4.850000,410.757
4.860000,108.412
4.870000,105.311
4.880000,300.047
4.890000,455.325
4.900000,473.404
4.910000,330.850
4.920000,600.946
4.930000,677.502
4.940000,136.154
4.950000,-117.502
4.960000,-46.261
4.970000,-109.485
4.980000,52.356
4.990000,562.060
5.000000,1011.899
5.010000,1152.279
5.020000,951.389
5.030000,158.535
5.040000,-478.615
5.050000,-288.914
5.060000,453.938
5.070000,863.167
5.080000,507.222
5.090000,330.297
5.100000,555.553
5.110000,300.308
5.120000,-331.096
5.130000,-365.294
5.140000,269.123
5.150000,613.887
5.160000,554.767
5.170000,559.695
5.180000,610.938
5.190000,531.304
5.200000,320.676
5.210000,18.664
5.220000,-125.111
5.230000,-66.292
5.240000,231.865
5.250000,633.383
5.260000,650.796
5.270000,54.857
5.280000,-437.742
5.290000,-154.552
5.300000,427.071
5.310000,639.046
5.320000,589.706
5.330000,552.955
5.340000,538.888
5.350000,497.920
5.360000,151.459
5.370000,-281.419
5.380000,-259.700
5.390000,19.657
5.400000,3.929
5.410000,-111.753
5.420000,31.456
5.430000,377.633
5.440000,423.601
5.450000,194.856
5.460000,54.707
5.470000,193.691
5.480000,471.442
5.490000,518.012
5.500000,423.814
5.510000,391.898
5.520000,305.909
5.530000,305.308
5.540000,307.970
5.550000,245.434
5.560000,228.526
5.570000,286.747
5.580000,441.137
5.590000,561.120
5.600000,426.086
5.610000,283.918
5.620000,216.648
5.630000,305.665
5.640000,488.342
5.650000,576.203
5.660000,468.803
5.670000,352.949
5.680000,413.902
5.690000,488.649
5.700000,358.242
5.710000,0.707
5.720000,-247.229
5.730000,-324.949
5.740000,-347.615
5.750000,-23.886
5.760000,624.765
5.770000,1143.919
5.780000,1293.771
5.790000,798.471
5.800000,-148.186
5.810000,-658.928
5.820000,-716.584
5.830000,-616.996
5.840000,-225.364
5.850000,265.249
5.860000,507.844
5.870000,663.741
5.880000,1047.975
5.890000,1189.852
5.900000,864.624
5.910000,413.608
5.920000,311.354
5.930000,492.431
5.940000,634.863
5.950000,751.741
5.960000,772.824
5.970000,441.743
5.980000,-132.800
5.990000,-613.536
6.000000,-754.671
6.010000,-522.303
6.020000,0.517
6.030000,508.952
6.040000,628.831
6.050000,210.174
6.060000,-219.738
6.070000,-229.087
6.080000,65.360
6.090000,341.918
6.100000,561.894
6.110000,698.302
6.120000,611.810
6.130000,302.368
6.140000,132.578
6.150000,273.346
6.160000,217.095
6.170000,-201.911
6.180000,-289.514
6.190000,242.692
6.200000,714.623
6.210000,423.079
6.220000,-374.229
6.230000,-775.338
6.240000,-595.618
6.250000,-375.766
6.260000,-251.806
6.270000,177.976
6.280000,797.142
6.290000,944.696
6.300000,524.440
6.310000,259.815
6.320000,377.920
6.330000,482.092
6.340000,188.091
6.350000,-147.527
6.360000,-126.506
6.370000,99.470
6.380000,229.535
6.390000,193.615
6.400000,-48.119
6.410000,-376.431
6.420000,-741.350
6.430000,-925.165
6.440000,-913.112
6.450000,-714.744
6.460000,-244.514
6.470000,244.666
6.480000,439.058
6.490000,412.385
6.500000,101.599
6.510000,-332.435
6.520000,-668.840
6.530000,-756.394
6.540000,-741.579
6.550000,-782.829
6.560000,-714.608
6.570000,-349.672
6.580000,124.837
6.590000,544.817
6.600000,801.957
6.610000,811.209
6.620000,551.803
6.630000,4.942
6.640000,-661.705
6.650000,-1186.638
6.660000,-1288.360
6.670000,-1056.061
6.680000,-733.788
6.690000,-384.676
6.700000,-41.510
6.710000,171.463
6.720000,249.152
6.730000,255.888
6.740000,182.345
6.750000,-93.815
6.760000,-611.648
6.770000,-1149.218
6.780000,-1389.522
6.790000,-1228.268
6.800000,-891.038
6.810000,-711.891
6.820000,-669.706
6.830000,-638.029
6.840000,-430.243
6.850000,15.602
6.860000,633.162
6.870000,1132.606
6.880000,1286.991
6.890000,1089.950
6.900000,753.474
6.910000,325.346
6.920000,-89.395
6.930000,-326.554
6.940000,-381.723
6.950000,-338.707
6.960000,-166.345
6.970000,60.890
6.980000,187.708
6.990000,34.050
7.000000,-195.602
7.010000,-382.192
7.020000,-412.356
7.030000,-479.931
7.040000,-648.207
7.050000,-800.201
7.060000,-784.971
7.070000,-550.730
7.080000,-142.571
7.090000,376.276
7.100000,865.736
7.110000,1097.342
7.120000,969.525
7.130000,564.041
7.140000,108.233
7.150000,-250.227
7.160000,-565.068
7.170000,-892.230
7.180000,-1099.199
7.190000,-1122.957
7.200000,-914.898
7.210000,-551.277
7.220000,-240.579
7.230000,-113.495
7.240000,-119.608
7.250000,-255.421
7.260000,-376.842
7.270000,-410.974
7.280000,-462.459
7.290000,-575.436
7.300000,-733.337
7.310000,-724.954
7.320000,-492.190
7.330000,-146.548
7.340000,44.671
7.350000,45.285
7.360000,6.582
7.370000,-18.543
7.380000,-156.626
7.390000,-213.282
7.400000,-195.362
7.410000,-107.490
7.420000,-37.288
7.430000,-115.433
7.440000,-326.463
7.450000,-477.018
7.460000,-522.217
7.470000,-533.432
7.480000,-543.378
7.490000,-509.830
7.500000,-440.565
7.510000,-410.333
7.520000,-432.059
7.530000,-549.987
7.540000,-792.626
7.550000,-1040.874
7.560000,-1174.931
7.570000,-1116.625
7.580000,-932.897
7.590000,-675.078
7.600000,-417.505
7.610000,-289.843
7.620000,-282.139
7.630000,-288.464
7.640000,-272.533
7.650000,-256.040
7.660000,-182.929
7.670000,-81.597
7.680000,44.769
7.690000,123.390
7.700000,166.919
7.710000,231.034
7.720000,345.719
7.730000,394.368
7.740000,400.691
7.750000,355.606
7.760000,242.669
7.770000,123.676
7.780000,146.028
7.790000,290.741
7.800000,514.241
7.810000,639.511
7.820000,638.438
7.830000,554.399
7.840000,463.682
7.850000,265.794
7.860000,77.288
7.870000,-88.045
7.880000,-218.366
7.890000,-244.997
7.900000,-237.353
7.910000,-338.197
7.920000,-554.645
7.930000,-811.187
7.940000,-966.517
7.950000,-1035.790
7.960000,-1093.881
7.970000,-1171.782
7.980000,-1242.607
7.990000,-1379.333
8.000000,-1492.482
8.010000,-1515.813
8.020000,-1447.973
8.030000,-1291.108
8.040000,-1080.111
8.050000,-876.929
8.060000,-606.677
8.070000,-313.773
8.080000,-67.696
8.090000,82.212
8.100000,183.989
8.110000,275.103
8.120000,335.925
8.130000,326.758
8.140000,224.200
8.150000,105.919
8.160000,41.271
8.170000,61.898
8.180000,179.116
8.190000,345.001
8.200000,513.656
8.210000,597.110
8.220000,625.586
8.230000,623.918
8.240000,530.185
8.250000,440.901
8.260000,269.345
8.270000,96.518
8.280000,-8.739
8.290000,-38.350
8.300000,0.390
8.310000,72.781
8.320000,115.381
8.330000,154.564
8.340000,151.307
8.350000,166.272
8.360000,126.244
8.370000,43.330
8.380000,-38.697
8.390000,-96.511
8.400000,-117.030
8.410000,-118.873
8.420000,-159.269
8.430000,-128.285
8.440000,-53.084
8.450000,22.535
8.460000,44.752
8.470000,94.174
8.480000,90.311
8.490000,93.257
8.500000,89.345
8.510000,50.215
8.520000,-10.750
8.530000,-28.042
8.540000,-5.520
8.550000,61.544
8.560000,138.907
8.570000,191.181
8.580000,236.608
8.590000,267.864
8.600000,272.687
8.610000,216.578
8.620000,108.455
8.630000,-2.100
8.640000,-122.477
8.650000,-212.809
8.660000,-268.000
8.670000,-308.617
8.680000,-325.254
8.690000,-364.912
8.700000,-454.816
8.710000,-552.401
8.720000,-592.235
8.730000,-609.374
8.740000,-639.704
8.750000,-676.168
8.760000,-665.960
8.770000,-621.619
8.780000,-534.767
8.790000,-440.470
8.800000,-330.387
8.810000,-212.236
8.820000,-57.636
8.830000,100.782
8.840000,235.722
8.850000,332.145
8.860000,405.713
8.870000,432.069
8.880000,488.653
8.890000,551.488
8.900000,589.777
8.910000,629.809
8.920000,701.736
8.930000,744.607
8.940000,816.225
8.950000,803.011
8.960000,732.193
8.970000,607.619
8.980000,503.372
8.990000,334.866
9.000000,156.690
9.010000,57.072
9.020000,33.157
9.030000,29.557
9.040000,24.808
9.050000,4.032
9.060000,-18.576
9.070000,-77.364
9.080000,-146.178
9.090000,-218.915
9.100000,-248.933
9.110000,-272.455
9.120000,-319.771
9.130000,-335.363
9.140000,-354.456
9.150000,-319.389
9.160000,-227.469
9.170000,-117.233
9.180000,0.289
9.190000,149.893
9.200000,248.022
9.210000,316.407
9.220000,301.414
9.230000,259.833
9.240000,211.233
9.250000,198.211
9.260000,224.409
9.270000,294.251
9.280000,395.271
9.290000,487.471
9.300000,527.839
9.310000,551.578
9.320000,502.258
9.330000,450.092
9.340000,373.174
9.350000,308.688
9.360000,214.118
9.370000,110.518
9.380000,36.766
9.390000,0.982
9.400000,-53.835
9.410000,-61.594
9.420000,-64.569
9.430000,-35.982
9.440000,25.089
9.450000,85.113
9.460000,126.370
9.470000,169.862
9.480000,152.386
9.490000,151.422
9.500000,128.997
9.510000,95.555
9.520000,100.585
9.530000,79.858
9.540000,58.491
9.550000,54.890
9.560000,79.420
9.570000,112.954
9.580000,163.219
9.590000,210.001
9.600000,234.577
9.610000,265.118
9.620000,302.809
9.630000,305.073
9.640000,291.011
9.650000,265.288
9.660000,238.335
9.670000,227.387
9.680000,214.157
9.690000,162.295
9.700000,110.907
9.710000,72.463
9.720000,74.205
9.730000,66.733
9.740000,62.705
9.750000,82.242
9.760000,91.757
9.770000,78.631
9.780000,68.336
9.790000,45.680
9.800000,14.075
9.810000,-45.856
9.820000,-62.119
9.830000,-92.600
9.840000,-77.067
9.850000,-75.777
9.860000,-29.314
9.870000,6.589
9.880000,57.681
9.890000,67.413
9.900000,75.561
9.910000,84.748
9.920000,97.504
9.930000,122.898
9.940000,160.710
9.950000,168.846
9.960000,176.130
9.970000,180.058
9.980000,175.376
9.990000,150.957
10.000000,174.026
10.010000,143.776
10.020000,126.771
10.030000,126.904
10.040000,100.287
10.050000,79.406
10.060000,41.791
10.070000,-5.326
10.080000,-66.050
10.090000,-115.666
10.100000,-146.087
10.110000,-140.756
10.120000,-119.168
10.130000,-86.753
10.140000,-30.535
10.150000,34.780
10.160000,63.294
10.170000,114.303
10.180000,157.585
10.190000,197.948
10.200000,235.241
10.210000,277.766
10.220000,288.815
10.230000,329.986
10.240000,305.240
10.250000,307.404
10.260000,310.119
10.270000,326.164
10.280000,336.892
10.290000,331.300
10.300000,358.076
10.310000,359.269
10.320000,347.094
10.330000,360.956
10.340000,350.752
10.350000,368.530
10.360000,369.954
10.370000,423.012
10.380000,430.638
10.390000,379.646
10.400000,318.578
10.410000,251.791
10.420000,167.628
10.430000,92.887
10.440000,16.151
10.450000,-23.525
10.460000,-56.129
10.470000,-61.149
10.480000,-35.693
10.490000,-19.437
10.500000,-34.731
10.510000,-26.451
10.520000,-52.116
10.530000,-75.681
10.540000,-112.088
10.550000,-148.380
10.560000,-147.235
10.570000,-146.554
10.580000,-145.326
10.590000,-82.639
10.600000,-22.097
10.610000,-0.853
10.620000,26.370
10.630000,63.101
10.640000,85.451
10.650000,111.089
10.660000,106.794
10.670000,93.427
10.680000,97.666
10.690000,84.741
10.700000,74.797
10.710000,61.357
10.720000,73.278
10.730000,77.196
10.740000,95.168
10.750000,131.754
10.760000,161.402
10.770000,200.524
10.780000,245.461
10.790000,274.163
10.800000,321.791
10.810000,324.137
10.820000,336.999
10.830000,318.339
10.840000,279.430
10.850000,238.549
10.860000,203.223
10.870000,138.395
10.880000,88.646
10.890000,40.650
10.900000,4.578
10.910000,-32.474
10.920000,-61.676
10.930000,-87.909
10.940000,-100.353
10.950000,-82.834
10.960000,-48.514
10.970000,-53.365
10.980000,-36.168
10.990000,-23.056
11.000000,-48.510
11.010000,-60.996
11.020000,-113.036
11.030000,-146.842
11.040000,-154.183
11.050000,-178.139
11.060000,-173.125
11.070000,-146.674
11.080000,-135.930
11.090000,-99.062
11.100000,-70.632
11.110000,-34.710
11.120000,-18.564
11.130000,-12.091
11.140000,0.034
11.150000,27.117
11.160000,45.288
11.170000,92.655
11.180000,146.923
11.190000,212.940
11.200000,273.345
11.210000,338.336
11.220000,335.787
11.230000,332.295
11.240000,313.177
11.250000,242.318
11.260000,182.530
11.270000,124.518
11.280000,51.349
11.290000,18.938
11.300000,-39.852
11.310000,-101.568
11.320000,-141.163
11.330000,-167.704
11.340000,-196.945
11.350000,-201.958
11.360000,-235.575
11.370000,-238.479
11.380000,-263.125
11.390000,-254.148
11.400000,-248.014
11.410000,-275.938
11.420000,-318.172
11.430000,-327.637
11.440000,-345.560
11.450000,-374.772
11.460000,-372.168
11.470000,-353.517
11.480000,-332.353
11.490000,-309.148
11.500000,-286.606
11.510000,-260.592
11.520000,-226.847
11.530000,-212.167
11.540000,-183.269
11.550000,-141.444
11.560000,-123.787
11.570000,-106.918
11.580000,-83.640
11.590000,-76.069
11.600000,-93.366
11.610000,-108.428
11.620000,-130.835
11.630000,-154.650
11.640000,-160.954
11.650000,-177.091
11.660000,-211.700
11.670000,-213.713
11.680000,-221.917
11.690000,-250.428
11.700000,-250.895
11.710000,-263.920
11.720000,-259.266
11.730000,-273.726
11.740000,-274.444
11.750000,-283.787
11.760000,-300.702
11.770000,-337.395
11.780000,-340.347
11.790000,-360.076
11.800000,-359.015
11.810000,-380.839
11.820000,-388.002
11.830000,-394.884
11.840000,-381.076
11.850000,-382.931
11.860000,-378.155
11.870000,-357.137
11.880000,-352.863
11.890000,-327.580
11.900000,-295.118
11.910000,-297.565
11.920000,-280.944
11.930000,-259.723
11.940000,-234.231
11.950000,-217.819
11.960000,-202.506
11.970000,-201.537
11.980000,-196.535
11.990000,-218.876
12.000000,-219.079
12.010000,-215.482
12.020000,-228.005
12.030000,-223.096
12.040000,-213.951
12.050000,-201.371
12.060000,-192.995
12.070000,-176.010
12.080000,-156.150
12.090000,-122.074
12.100000,-137.308
12.110000,-134.243
12.120000,-158.504
12.130000,-188.093
12.140000,-207.022
12.150000,-232.448
12.160000,-243.029
12.170000,-244.818
12.180000,-223.400
12.190000,-191.366
12.200000,-169.026
12.210000,-156.086
12.220000,-151.384
12.230000,-146.451
12.240000,-146.825
12.250000,-145.345
12.260000,-204.188
12.270000,-226.505
12.280000,-236.665
12.290000,-254.360
12.300000,-291.201
12.310000,-274.742
12.320000,-271.575
12.330000,-263.327
12.340000,-286.016
12.350000,-295.556
12.360000,-302.310
12.370000,-301.792
12.380000,-315.924
12.390000,-312.829
12.400000,-334.515
12.410000,-333.563
12.420000,-327.991
12.430000,-333.517
12.440000,-341.236
12.450000,-315.924
12.460000,-285.793
12.470000,-271.011
12.480000,-266.350
12.490000,-249.720
12.500000,-230.802
12.510000,-219.886
12.520000,-192.299
12.530000,-174.574
12.540000,-148.683
12.550000,-137.614
12.560000,-108.195
12.570000,-88.434
12.580000,-79.003
12.590000,-68.566
12.600000,-70.662
12.610000,-65.535
12.620000,-57.883
12.630000,-74.300
12.640000,-59.187
12.650000,-64.260
12.660000,-52.576
12.670000,-53.559
12.680000,-36.937
12.690000,-15.448
12.700000,-9.096
12.710000,-8.571
12.720000,-9.253
12.730000,-6.120
12.740000,6.263
12.750000,21.974
12.760000,40.663
12.770000,39.656
12.780000,49.735
12.790000,47.135
12.800000,53.302
12.810000,32.767
12.820000,40.799
12.830000,42.019
12.840000,26.451
12.850000,9.761
12.860000,-14.130
12.870000,-39.625
12.880000,-29.530
12.890000,-42.914
12.900000,-51.248
12.910000,-37.734
12.920000,-43.910
12.930000,-56.433
12.940000,-61.000
12.950000,-77.719
12.960000,-76.595
12.970000,-74.626
12.980000,-63.862
12.990000,-74.213
13.000000,-69.537
13.010000,-58.149
13.020000,-68.772
13.030000,-60.678
13.040000,-47.876
13.050000,-52.552
13.060000,-36.153
13.070000,-20.385
13.080000,-0.854
13.090000,24.665
13.100000,48.988
13.110000,82.029
13.120000,95.390
13.130000,139.591
13.140000,156.465
13.150000,192.765
13.160000,210.935
13.170000,239.606
13.180000,251.714
13.190000,240.552
13.200000,239.598
13.210000,243.128
13.220000,221.323
13.230000,214.157
13.240000,190.359
13.250000,194.541
13.260000,172.701
13.270000,178.275
13.280000,160.095
13.290000,164.601
13.300000,137.444
13.310000,160.368
13.320000,115.197
13.330000,113.199
13.340000,119.254
13.350000,102.082
13.360000,89.041
13.370000,104.266
13.380000,97.227
13.390000,103.169
13.400000,96.173
13.410000,82.639
13.420000,84.099
13.430000,96.829
13.440000,89.172
13.450000,84.093
13.460000,82.923
13.470000,73.673
13.480000,73.034
13.490000,70.205
13.500000,66.234
13.510000,56.732
13.520000,56.705
13.530000,65.726
13.540000,76.798
13.550000,79.566
13.560000,85.337
13.570000,98.108
13.580000,100.197
13.590000,92.120
13.600000,114.257
13.610000,104.013
13.620000,103.479
13.630000,114.666
13.640000,104.636
13.650000,93.522
13.660000,110.897
13.670000,106.214
13.680000,126.732
13.690000,121.467
13.700000,118.046
13.710000,123.090
13.720000,135.649
13.730000,139.296
13.740000,133.980
13.750000,119.742
13.760000,135.762
13.770000,125.244
13.780000,124.747
13.790000,102.314
13.800000,113.839
13.810000,90.995
13.820000,81.657
13.830000,67.655
13.840000,71.587
13.850000,80.783
13.860000,84.208
13.870000,75.366
13.880000,94.570
13.890000,80.058
13.900000,86.504
13.910000,84.934
13.920000,74.676
13.930000,66.521
13.940000,64.468
13.950000,74.481
13.960000,82.341
13.970000,105.023
13.980000,114.268
13.990000,121.131
14.000000,102.349
14.010000,104.297
14.020000,101.897
14.030000,92.215
14.040000,75.057
14.050000,73.863
14.060000,70.086
14.070000,77.464
14.080000,76.380
14.090000,73.132
14.100000,44.041
14.110000,42.972
14.120000,45.100
14.130000,41.565
14.140000,53.100
14.150000,64.887
14.160000,57.109
14.170000,59.714
14.180000,56.465
14.190000,94.638
14.200000,100.346
14.210000,117.403
14.220000,129.900
14.230000,165.531
14.240000,165.814
14.250000,175.852
14.260000,172.993
14.270000,174.058
14.280000,154.643
14.290000,155.164
14.300000,148.980
14.310000,161.000
14.320000,136.431
14.330000,125.358
14.340000,131.203
14.350000,141.215
14.360000,129.430
14.370000,131.252
14.380000,122.965
14.390000,106.357
14.400000,106.192
14.410000,117.076
14.420000,103.608
14.430000,94.677
14.440000,82.558
14.450000,74.251
14.460000,65.871
14.470000,64.745
14.480000,57.943
14.490000,37.538
14.500000,36.356
14.510000,34.443
14.520000,16.027
14.530000,16.794
14.540000,-3.645
14.550000,1.494
14.560000,7.133
14.570000,-10.574
14.580000,-9.125
14.590000,8.837
14.600000,3.211
14.610000,9.953
14.620000,18.981
14.630000,32.940
14.640000,72.642
14.650000,65.985
14.660000,67.589
14.670000,80.227
14.680000,112.781
14.690000,114.596
14.700000,135.998
14.710000,164.563
14.720000,172.918
14.730000,181.905
14.740000,184.830
14.750000,181.158
14.760000,190.496
14.770000,168.239
14.780000,157.497
14.790000,153.267
14.800000,135.478
14.810000,110.537
14.820000,125.249
14.830000,108.078
14.840000,114.511
14.850000,101.929
14.860000,124.657
14.870000,145.724
14.880000,144.607
14.890000,128.995
14.900000,131.485
14.910000,147.454
14.920000,141.017
14.930000,132.208
14.940000,119.261
14.950000,118.836
14.960000,109.600
14.970000,83.565
14.980000,82.635
14.990000,86.609
15.000000,88.484
15.010000,104.279
15.020000,97.068
15.030000,121.551
15.040000,126.342
15.050000,136.448
15.060000,119.862
15.070000,134.503
15.080000,128.453
15.090000,135.451
15.100000,134.946
15.110000,138.451
15.120000,128.271
15.130000,139.798
15.140000,123.372
15.150000,124.301
15.160000,127.158
15.170000,134.086
15.180000,103.417
15.190000,106.552
15.200000,90.134
15.210000,106.762
15.220000,87.366
15.230000,83.172
15.240000,69.471
15.250000,81.566
15.260000,77.487
15.270000,104.981
15.280000,99.851
15.290000,115.713
15.300000,112.141
15.310000,114.142
15.320000,110.646
15.330000,120.097
15.340000,99.921
15.350000,109.087
15.360000,93.201
15.370000,85.729
15.380000,80.186
15.390000,68.972
15.400000,68.709
15.410000,54.256
15.420000,48.094
15.430000,63.187
15.440000,46.253
15.450000,57.375
15.460000,40.661
15.470000,38.079
15.480000,31.935
15.490000,31.963
15.500000,45.116
15.510000,45.311
15.520000,53.971
15.530000,56.260
15.540000,56.822
15.550000,42.679
15.560000,50.029
15.570000,45.464
15.580000,30.552
15.590000,36.867
15.600000,28.145
15.610000,12.579
15.620000,33.593
15.630000,32.503
15.640000,32.266
15.650000,35.049
15.660000,41.612
15.670000,44.356
15.680000,30.309
15.690000,11.795
15.700000,-3.378
15.710000,-4.806
15.720000,-3.187
15.730000,-21.054
15.740000,-39.086
15.750000,-64.994
15.760000,-54.775
15.770000,-71.465
15.780000,-55.983
15.790000,-78.014
15.800000,-74.414
15.810000,-72.555
15.820000,-79.071
15.830000,-70.901
15.840000,-53.766
15.850000,-57.241
15.860000,-52.340
15.870000,-64.377
15.880000,-52.220
15.890000,-38.943
15.900000,-35.223
15.910000,-8.985
15.920000,-35.886
15.930000,-42.666
15.940000,-37.286
15.950000,-27.504
15.960000,-51.062
15.970000,-63.406
15.980000,-56.512
15.990000,-66.480
16.000000,-99.618
16.010000,-101.179
16.020000,-133.192
16.030000,-133.903
16.040000,-137.114
16.050000,-143.537
16.060000,-156.986
16.070000,-162.181
16.080000,-160.852
16.090000,-164.943
16.100000,-196.161
16.110000,-189.539
16.120000,-192.541
16.130000,-192.041
16.140000,-222.546
16.150000,-213.106
16.160000,-207.248
16.170000,-217.616
16.180000,-221.331
16.190000,-212.979
16.200000,-206.602
16.210000,-182.374
16.220000,-200.580
16.230000,-201.098
16.240000,-185.245
16.250000,-167.367
16.260000,-173.278
16.270000,-183.077
16.280000,-174.548
16.290000,-184.821
16.300000,-211.006
16.310000,-207.117
16.320000,-209.537
16.330000,-201.137
16.340000,-211.907
16.350000,-195.667
16.360000,-196.779
16.370000,-203.847
16.380000,-186.792
16.390000,-198.539
16.400000,-211.809
16.410000,-204.132
16.420000,-203.737
16.430000,-215.110
16.440000,-213.853
16.450000,-209.970
16.460000,-215.465
16.470000,-232.274
16.480000,-246.544
16.490000,-232.983
16.500000,-235.955
16.510000,-265.431
16.520000,-232.952
16.530000,-248.723
16.540000,-251.516
16.550000,-242.052
16.560000,-234.951
16.570000,-251.256
16.580000,-245.286
16.590000,-242.299
16.600000,-247.044
16.610000,-247.527
16.620000,-245.717
16.630000,-258.642
16.640000,-242.104
16.650000,-237.057
16.660000,-239.722
16.670000,-245.428
16.680000,-260.648
16.690000,-269.642
16.700000,-253.215
16.710000,-255.049
16.720000,-240.124
16.730000,-247.612
16.740000,-229.484
16.750000,-223.582
16.760000,-203.276
16.770000,-189.518
16.780000,-192.731
16.790000,-197.726
16.800000,-176.233
16.810000,-185.816
16.820000,-184.933
16.830000,-168.755
16.840000,-152.314
16.850000,-154.750
16.860000,-161.185
16.870000,-145.713
16.880000,-128.204
16.890000,-132.661
16.900000,-128.051
16.910000,-117.403
16.920000,-125.093
16.930000,-139.830
16.940000,-125.484
16.950000,-124.593
16.960000,-131.382
16.970000,-109.737
16.980000,-139.950
16.990000,-139.187
17.000000,-134.589
17.010000,-137.776
17.020000,-128.173
17.030000,-100.686
17.040000,-101.869
17.050000,-84.699
17.060000,-100.714
17.070000,-93.136
17.080000,-95.589
17.090000,-68.241
17.100000,-88.350
17.110000,-76.234
17.120000,-56.217
17.130000,-30.151
17.140000,-31.072
17.150000,-22.250
17.160000,-21.355
17.170000,-1.487
17.180000,-13.832
17.190000,7.332
17.200000,6.058
17.210000,16.800
17.220000,13.285
17.230000,14.806
17.240000,38.332
17.250000,42.518
17.260000,29.303
17.270000,32.378
17.280000,12.584
17.290000,50.433
17.300000,35.762
17.310000,31.402
17.320000,41.469
17.330000,39.078
17.340000,41.541
17.350000,44.672
17.360000,42.384
17.370000,39.348
17.380000,40.719
17.390000,43.315
17.400000,58.919
17.410000,68.546
17.420000,62.024
17.430000,82.948
17.440000,96.812
17.450000,114.033
17.460000,135.428
17.470000,147.614
17.480000,159.846
17.490000,186.868
17.500000,192.231
17.510000,197.563
17.520000,227.625
17.530000,239.794
17.540000,262.616
17.550000,275.908
17.560000,293.207
17.570000,294.249
17.580000,301.863
17.590000,296.139
17.600000,292.041
17.610000,294.050
17.620000,281.381
17.630000,285.157
17.640000,304.029
17.650000,301.953
17.660000,300.419
17.670000,267.572
17.680000,275.985
17.690000,278.940
17.700000,283.798
17.710000,268.793
17.720000,259.698
17.730000,272.788
17.740000,269.361
17.750000,250.850
17.760000,280.731
17.770000,292.545
17.780000,282.216
17.790000,283.266
17.800000,293.194
17.810000,264.879
17.820000,271.234
17.830000,281.690
17.840000,271.096
17.850000,275.731
17.860000,287.898
17.870000,312.277
17.880000,323.796
17.890000,310.882
17.900000,342.432
17.910000,360.421
17.920000,358.373
17.930000,357.432
17.940000,382.911
17.950000,396.518
17.960000,385.732
17.970000,393.688
17.980000,375.631
17.990000,400.023
18.000000,408.254
18.010000,427.802
18.020000,435.267
18.030000,444.140
18.040000,439.705
18.050000,451.205
18.060000,444.649
18.070000,468.397
18.080000,465.016
18.090000,455.116
18.100000,448.312
18.110000,476.909
18.120000,442.136
18.130000,446.948
18.140000,442.204
18.150000,440.927
18.160000,427.310
18.170000,421.175
18.180000,400.760
18.190000,418.184
18.200000,412.312
18.210000,430.523
18.220000,408.972
18.230000,416.470
18.240000,412.942
18.250000,411.855
18.260000,421.760
18.270000,442.618
18.280000,434.585
18.290000,461.749
18.300000,439.729
18.310000,447.230
18.320000,449.558
18.330000,466.496
18.340000,464.133
18.350000,474.580
18.360000,473.451
18.370000,484.981
18.380000,476.991
18.390000,471.398
18.400000,478.755
18.410000,486.352
18.420000,499.439
18.430000,482.333
18.440000,485.938
18.450000,495.191
18.460000,501.974
18.470000,493.877
18.480000,483.508
18.490000,482.221
18.500000,494.610
18.510000,485.868
18.520000,466.277
18.530000,451.955
18.540000,446.205
18.550000,448.081
18.560000,446.723
18.570000,422.885
18.580000,432.832
18.590000,425.805
18.600000,403.792
18.610000,397.352
18.620000,395.081
18.630000,394.431
18.640000,394.330
18.650000,385.659
18.660000,386.798
18.670000,370.572
18.680000,380.520
18.690000,368.810
18.700000,370.220
18.710000,386.420
18.720000,377.209
18.730000,356.301
18.740000,372.476
18.750000,367.774
18.760000,371.288
18.770000,370.947
18.780000,365.364
18.790000,358.391
18.800000,337.584
18.810000,340.885
18.820000,341.310
18.830000,335.325
18.840000,313.837
18.850000,305.620
18.860000,303.535
18.870000,301.421
18.880000,279.193
18.890000,278.094
18.900000,287.301
18.910000,290.949
18.920000,273.141
18.930000,285.716
18.940000,278.194
18.950000,269.096
18.960000,271.472
18.970000,273.306
18.980000,225.445
18.990000,231.835
19.000000,231.877
19.010000,218.410
19.020000,229.116
19.030000,210.604
19.040000,197.461
19.050000,208.989
19.060000,182.541
19.070000,184.815
19.080000,161.136
19.090000,174.936
19.100000,169.878
19.110000,163.642
19.120000,156.523
19.130000,160.178
19.140000,156.200
19.150000,147.298
19.160000,136.368
19.170000,135.713
19.180000,111.150
19.190000,104.678
19.200000,71.470
19.210000,61.541
19.220000,57.652
19.230000,59.169
19.240000,44.867
19.250000,43.330
19.260000,40.653
19.270000,44.460
19.280000,20.963
19.290000,7.543
19.300000,5.254
19.310000,6.739
19.320000,11.014
19.330000,6.554
19.340000,-6.706
19.350000,-4.940
19.360000,-10.606
19.370000,-0.281
19.380000,2.947
19.390000,6.967
19.400000,3.638
19.410000,-6.007
19.420000,-9.299
19.430000,-4.303
19.440000,-10.055
19.450000,-25.332
19.460000,-35.274
19.470000,-33.978
19.480000,-39.446
19.490000,-32.885
19.500000,-15.014
19.510000,-56.395
19.520000,-69.133
19.530000,-53.460
19.540000,-51.120
19.550000,-65.463
19.560000,-65.757
19.570000,-96.011
19.580000,-93.470
19.590000,-109.195
19.600000,-88.891
19.610000,-89.556
19.620000,-125.171
19.630000,-126.605
19.640000,-115.692
19.650000,-137.170
19.660000,-153.185
19.670000,-161.376
19.680000,-161.144
19.690000,-162.645
19.700000,-164.052
19.710000,-190.133
19.720000,-179.326
19.730000,-201.850
19.740000,-206.594
19.750000,-205.440
19.760000,-222.677
19.770000,-235.731
19.780000,-243.712
19.790000,-249.116
19.800000,-243.599
19.810000,-253.732
19.820000,-250.763
19.830000,-248.618
19.840000,-252.838
19.850000,-258.260
19.860000,-265.815
19.870000,-267.461
19.880000,-277.681
19.890000,-251.717
19.900000,-277.392
19.910000,-281.408
19.920000,-291.549
19.930000,-287.112
19.940000,-297.037
19.950000,-297.716
19.960000,-306.995
19.970000,-305.483
19.980000,-326.870
19.990000,-316.263
20.000000,-313.648
20.010000,-328.447
20.020000,-347.966
20.030000,-332.922
20.040000,-361.829
20.050000,-346.111
20.060000,-364.626
20.070000,-357.130
20.080000,-360.293
20.090000,-343.299
20.100000,-360.606
20.110000,-343.223
20.120000,-368.004
20.130000,-368.447
20.140000,-376.752
20.150000,-394.454
20.160000,-397.954
20.170000,-406.734
20.180000,-419.951
20.190000,-430.711
20.200000,-451.095
20.210000,-447.769
20.220000,-447.903
20.230000,-454.340
20.240000,-452.711
20.250000,-451.991
20.260000,-464.232
20.270000,-464.411
20.280000,-467.276
20.290000,-466.527
20.300000,-466.318
20.310000,-481.756
20.320000,-479.045
20.330000,-477.682
20.340000,-505.105
20.350000,-510.204
20.360000,-492.933
20.370000,-501.808
20.380000,-491.476
20.390000,-487.836
20.400000,-494.170
20.410000,-488.007
20.420000,-484.653
20.430000,-489.096
20.440000,-467.498
20.450000,-459.976
20.460000,-477.132
20.470000,-466.758
20.480000,-446.940
20.490000,-457.372
20.500000,-456.073
20.510000,-458.440
20.520000,-451.296
20.530000,-466.161
20.540000,-438.177
20.550000,-449.293
20.560000,-457.131
20.570000,-451.939
20.580000,-458.406
20.590000,-453.205
20.600000,-447.138
20.610000,-457.633
20.620000,-438.237
20.630000,-423.452
20.640000,-435.696
20.650000,-444.381
20.660000,-441.969
20.670000,-446.444
20.680000,-434.258
20.690000,-421.939
20.700000,-429.967
20.710000,-406.681
20.720000,-392.361
20.730000,-381.957
20.740000,-385.195
20.750000,-391.315
20.760000,-376.747
20.770000,-380.314
20.780000,-381.372
20.790000,-394.639
20.800000,-386.176
20.810000,-367.662
20.820000,-346.567
20.830000,-350.751
20.840000,-349.717
20.850000,-346.938
20.860000,-364.407
20.870000,-345.561
20.880000,-345.752
20.890000,-340.728
20.900000,-329.935
20.910000,-315.484
20.920000,-321.653
20.930000,-303.157
20.940000,-300.244
20.950000,-278.149
20.960000,-285.503
20.970000,-272.626
20.980000,-269.603
20.990000,-255.435
21.000000,-240.918
21.010000,-233.120
21.020000,-211.373
21.030000,-204.694
21.040000,-219.178
21.050000,-185.569
21.060000,-178.853
21.070000,-195.064
21.080000,-185.367
21.090000,-174.295
21.100000,-197.508
21.110000,-175.360
21.120000,-164.843
21.130000,-169.139
21.140000,-183.349
21.150000,-149.317
21.160000,-151.159
21.170000,-156.428
21.180000,-149.931
21.190000,-142.055
21.200000,-123.744
21.210000,-125.505
21.220000,-139.269
21.230000,-109.090
21.240000,-115.917
21.250000,-95.027
21.260000,-115.506
21.270000,-108.909
21.280000,-103.285
21.290000,-83.561
21.300000,-77.072
21.310000,-85.525
21.320000,-75.808
21.330000,-74.524
21.340000,-66.899
21.350000,-61.148
21.360000,-46.310
21.370000,-54.852
21.380000,-49.057
21.390000,-47.319
21.400000,-44.400
21.410000,-42.134
21.420000,-22.915
21.430000,-26.331
21.440000,-24.697
21.450000,-27.331
21.460000,-19.487
21.470000,-31.614
21.480000,-39.833
21.490000,-47.108
21.500000,-47.509
21.510000,-57.996
21.520000,-48.866
21.530000,-56.816
21.540000,-45.363
21.550000,-57.881
21.560000,-53.190
21.570000,-51.454
21.580000,-32.848
21.590000,-36.776
21.600000,-17.458
21.610000,-31.406
21.620000,-5.258
21.630000,-7.517
21.640000,-6.309
21.650000,9.348
21.660000,11.631
21.670000,10.581
21.680000,34.316
21.690000,15.362
21.700000,11.278
21.710000,29.236
21.720000,20.475
21.730000,21.316
21.740000,12.926
21.750000,15.476
21.760000,23.527
21.770000,13.756
21.780000,10.273
21.790000,12.079
21.800000,24.661
21.810000,11.943
21.820000,9.007
21.830000,23.631
21.840000,21.971
21.850000,25.488
21.860000,24.574
21.870000,37.691
21.880000,34.120
21.890000,31.697
21.900000,28.154
21.910000,22.894
21.920000,17.387
21.930000,25.391
21.940000,6.109
21.950000,13.871
21.960000,-6.339
21.970000,-13.281
21.980000,-2.676
21.990000,2.384
22.000000,-22.903
22.010000,-1.587
22.020000,2.601
22.030000,24.452
22.040000,7.635
22.050000,4.192
22.060000,10.287
22.070000,10.795
22.080000,9.225
22.090000,15.794
22.100000,12.581
22.110000,12.312
22.120000,16.182
22.130000,37.293
22.140000,17.372
22.150000,25.227
22.160000,29.370
22.170000,35.129
22.180000,28.043
22.190000,33.811
22.200000,41.060
22.210000,20.815
22.220000,37.106
22.230000,49.586
22.240000,43.596
22.250000,59.840
22.260000,54.438
22.270000,49.684
22.280000,60.826
22.290000,56.613
22.300000,59.524
22.310000,62.950
22.320000,75.057
22.330000,84.698
22.340000,70.491
22.350000,63.223
22.360000,81.386
22.370000,94.212
22.380000,84.211
22.390000,71.919
22.400000,76.489
22.410000,85.540
22.420000,78.323
22.430000,74.615
22.440000,86.452
22.450000,48.829
22.460000,45.420
22.470000,40.341
22.480000,51.579
22.490000,55.980
22.500000,57.703
22.510000,43.741
22.520000,57.266
22.530000,64.264
22.540000,73.324
22.550000,65.901
22.560000,76.474
22.570000,68.580
22.580000,61.868
22.590000,55.385
22.600000,70.443
22.610000,67.146
22.620000,64.805
22.630000,57.162
22.640000,69.594
22.650000,67.004
22.660000,79.137
22.670000,86.486
22.680000,87.829
22.690000,79.235
22.700000,99.455
22.710000,88.606
22.720000,83.145
22.730000,86.100
22.740000,102.313
22.750000,107.830
22.760000,92.124
22.770000,98.992
22.780000,104.324
22.790000,94.562
22.800000,89.385
22.810000,98.754
22.820000,86.850
22.830000,78.781
22.840000,92.080
22.850000,95.289
22.860000,86.780
22.870000,97.301
22.880000,83.215
22.890000,83.252
22.900000,97.441
22.910000,107.326
22.920000,94.045
22.930000,89.446
22.940000,90.207
22.950000,82.880
22.960000,72.919
22.970000,86.790
22.980000,76.917
22.990000,75.455
23.000000,63.860
23.010000,91.950
23.020000,89.304
23.030000,83.331
23.040000,100.517
23.050000,86.502
23.060000,76.979
23.070000,109.918
23.080000,82.497
23.090000,76.668
23.100000,89.167
23.110000,88.391
23.120000,91.667
23.130000,107.569
23.140000,97.093
23.150000,114.855
23.160000,95.090
23.170000,99.534
23.180000,85.210
23.190000,79.000
23.200000,78.308
23.210000,93.052
23.220000,91.162
23.230000,75.917
23.240000,80.176
23.250000,89.005
23.260000,87.187
23.270000,83.349
23.280000,78.684
23.290000,97.434
23.300000,99.847
23.310000,81.328
23.320000,69.607
23.330000,79.085
23.340000,87.552
23.350000,78.764
23.360000,77.309
23.370000,75.920
23.380000,84.134
23.390000,92.992
23.400000,89.885
23.410000,72.470
23.420000,99.911
23.430000,79.126
23.440000,87.638
23.450000,82.086
23.460000,99.925
23.470000,102.445
23.480000,101.894
23.490000,99.602
23.500000,120.701
23.510000,107.198
23.520000,117.361
23.530000,108.817
23.540000,117.171
23.550000,108.277
23.560000,99.039
23.570000,100.417
23.580000,111.504
23.590000,107.363
23.600000,111.167
23.610000,110.588
23.620000,126.466
23.630000,107.540
23.640000,116.574
23.650000,115.889
23.660000,102.215
23.670000,110.090
23.680000,104.692
23.690000,97.748
23.700000,108.312
23.710000,104.068
23.720000,101.480
23.730000,108.937
23.740000,98.825
23.750000,94.455
23.760000,81.002
23.770000,90.028
23.780000,82.272
23.790000,79.049
23.800000,84.702
23.810000,96.455
23.820000,90.200
23.830000,95.463
23.840000,95.690
23.850000,110.364
23.860000,98.385
23.870000,108.241
23.880000,105.062
23.890000,102.360
23.900000,107.918
23.910000,116.631
23.920000,97.834
23.930000,106.918
23.940000,111.756
23.950000,112.932
23.960000,115.112
23.970000,108.563
23.980000,111.698
23.990000,128.790
24.000000,137.029
24.010000,151.730
24.020000,114.993
24.030000,113.531
24.040000,119.998
24.050000,130.580
24.060000,126.047
24.070000,125.395
24.080000,122.971
24.090000,128.110
24.100000,128.673
24.110000,138.620
24.120000,128.218
24.130000,142.388
24.140000,127.161
24.150000,135.379
24.160000,122.779
24.170000,122.872
24.180000,120.906
24.190000,116.246
24.200000,116.374
24.210000,128.080
24.220000,133.096
24.230000,108.000
24.240000,100.314
24.250000,121.415
24.260000,122.007
24.270000,107.271
24.280000,123.689
24.290000,114.748
24.300000,108.683
24.310000,130.241
24.320000,136.602
24.330000,129.691
24.340000,124.356
24.350000,123.646
24.360000,140.649
24.370000,137.195
24.380000,146.033
24.390000,154.990
24.400000,149.165
24.410000,148.627
24.420000,141.924
24.430000,135.816
24.440000,148.274
24.450000,147.108
24.460000,150.619
24.470000,148.231
24.480000,168.524
24.490000,155.804
24.500000,174.929
24.510000,155.288
24.520000,150.443
24.530000,132.309
24.540000,140.953
24.550000,139.692
24.560000,141.263
24.570000,146.453
24.580000,164.303
24.590000,168.193
24.600000,179.778
24.610000,172.194
24.620000,154.098
24.630000,170.166
24.640000,188.747
24.650000,174.600
24.660000,185.817
24.670000,202.932
24.680000,202.161
24.690000,177.602
24.700000,181.595
24.710000,171.745
24.720000,176.745
24.730000,171.558
24.740000,146.556
24.750000,147.724
24.760000,154.361
24.770000,163.971
24.780000,152.871
24.790000,171.111
24.800000,150.873
24.810000,150.570
24.820000,140.448
24.830000,162.069
24.840000,169.469
24.850000,158.820
24.860000,159.649
24.870000,172.746
24.880000,170.894
24.890000,166.489
24.900000,174.322
24.910000,204.594
24.920000,191.750
24.930000,210.937
24.940000,200.604
24.950000,192.705
24.960000,185.868
24.970000,203.690
24.980000,185.380
24.990000,204.528
25.000000,208.815
25.010000,222.693
25.020000,188.531
25.030000,194.308
25.040000,197.564
25.050000,198.299
25.060000,199.198
25.070000,204.311
25.080000,199.807
25.090000,196.492
25.100000,196.055
25.110000,200.118
25.120000,205.155
25.130000,203.947
25.140000,194.450
25.150000,188.504
25.160000,163.228
25.170000,168.710
25.180000,166.029
25.190000,159.600
25.200000,146.834
25.210000,163.822
25.220000,164.948
25.230000,179.828
25.240000,183.727
25.250000,173.522
25.260000,154.847
25.270000,170.234
25.280000,173.288
25.290000,138.850
25.300000,154.394
25.310000,153.982
25.320000,128.210
25.330000,123.997
25.340000,117.124
25.350000,118.652
25.360000,129.478
25.370000,114.392
25.380000,134.376
25.390000,110.326
25.400000,116.955
25.410000,99.738
25.420000,91.325
25.430000,80.381
25.440000,74.189
25.450000,83.461
25.460000,85.891
25.470000,67.150
25.480000,74.262
25.490000,73.190
25.500000,74.931
25.510000,79.096
25.520000,78.050
25.530000,84.872
25.540000,86.164
25.550000,75.892
25.560000,83.938
25.570000,89.772
25.580000,96.142
25.590000,88.284
25.600000,75.351
25.610000,90.750
25.620000,92.211
25.630000,69.494
25.640000,78.316
25.650000,76.891
25.660000,55.836
25.670000,67.141
25.680000,67.285
25.690000,49.650
25.700000,52.882
25.710000,60.091
25.720000,36.899
25.730000,49.475
25.740000,42.776
25.750000,28.305
25.760000,21.606
25.770000,6.739
25.780000,23.457
25.790000,6.644
25.800000,-10.541
25.810000,-4.868
25.820000,-17.073
25.830000,-4.950
25.840000,-1.916
25.850000,2.624
25.860000,-19.459
25.870000,-16.098
25.880000,-30.646
25.890000,-26.543
25.900000,-33.530
25.910000,-21.336
25.920000,-30.257
25.930000,4.858
25.940000,-18.048
25.950000,-26.194
25.960000,-23.707
25.970000,-33.380
25.980000,-36.467
25.990000,-38.052
26.000000,-61.242
26.010000,-61.801
26.020000,-77.495
26.030000,-80.204
26.040000,-91.267
26.050000,-83.320
26.060000,-97.430
26.070000,-95.349
26.080000,-106.769
26.090000,-96.761
26.100000,-109.264
26.110000,-108.359
26.120000,-108.804
26.130000,-105.200
26.140000,-117.989
26.150000,-112.501
26.160000,-111.271
26.170000,-121.328
26.180000,-110.304
26.190000,-113.008
26.200000,-115.991
26.210000,-115.244
26.220000,-147.744
26.230000,-157.516
26.240000,-146.689
26.250000,-136.722
26.260000,-128.412
26.270000,-132.979
26.280000,-124.958
26.290000,-153.988
26.300000,-144.463
26.310000,-140.896
26.320000,-130.105
26.330000,-130.751
26.340000,-127.202
26.350000,-134.073
26.360000,-145.921
26.370000,-151.060
26.380000,-138.044
26.390000,-147.418
26.400000,-145.434
26.410000,-142.598
26.420000,-152.023
26.430000,-163.444
26.440000,-153.101
26.450000,-157.553
26.460000,-150.505
26.470000,-156.775
26.480000,-168.610
26.490000,-156.986
26.500000,-155.681
26.510000,-171.245
26.520000,-156.850
26.530000,-164.917
26.540000,-148.613
26.550000,-144.937
26.560000,-145.286
26.570000,-129.927
26.580000,-161.910
26.590000,-154.810
26.600000,-129.747
26.610000,-152.575
26.620000,-172.948
26.630000,-169.232
26.640000,-148.794
26.650000,-149.220
26.660000,-163.260
26.670000,-173.602
26.680000,-174.098
26.690000,-170.524
26.700000,-162.478
26.710000,-156.773
26.720000,-153.450
26.730000,-140.170
26.740000,-177.592
26.750000,-167.991
26.760000,-152.411
26.770000,-170.764
26.780000,-177.631
26.790000,-144.704
26.800000,-165.034
26.810000,-174.700
26.820000,-169.946
26.830000,-167.209
26.840000,-161.470
26.850000,-147.554
26.860000,-191.315
26.870000,-159.698
26.880000,-161.341
26.890000,-158.254
26.900000,-180.848
26.910000,-191.632
26.920000,-201.692
26.930000,-201.220
26.940000,-198.054
26.950000,-186.493
26.960000,-204.009
26.970000,-210.376
26.980000,-202.843
26.990000,-211.845
27.000000,-205.702
27.010000,-213.186
27.020000,-229.630
27.030000,-236.946
27.040000,-242.600
27.050000,-220.041
27.060000,-229.995
27.070000,-218.612
27.080000,-224.961
27.090000,-206.455
27.100000,-202.151
27.110000,-216.155
27.120000,-213.158
27.130000,-207.820
27.140000,-218.445
27.150000,-210.713
27.160000,-197.318
27.170000,-207.964
27.180000,-223.851
27.190000,-217.103
27.200000,-223.556
27.210000,-210.872
27.220000,-201.031
27.230000,-194.598
27.240000,-189.574
27.250000,-193.287
27.260000,-181.660
27.270000,-195.469
27.280000,-193.652
27.290000,-210.195
27.300000,-201.695
27.310000,-196.769
27.320000,-207.180
27.330000,-202.916
27.340000,-195.176
27.350000,-190.248
27.360000,-187.448
27.370000,-202.084
27.380000,-189.426
27.390000,-200.700
27.400000,-191.463
27.410000,-208.984
27.420000,-207.193
27.430000,-197.962
27.440000,-190.826
27.450000,-192.030
27.460000,-204.247
27.470000,-187.755
27.480000,-182.272
27.490000,-192.492
27.500000,-179.641
27.510000,-178.462
27.520000,-155.657
27.530000,-168.292
27.540000,-178.354
27.550000,-154.269
27.560000,-168.323
27.570000,-166.113
27.580000,-160.624
27.590000,-158.404
27.600000,-170.563
27.610000,-174.818
27.620000,-157.280
27.630000,-152.929
27.640000,-154.583
27.650000,-162.149
27.660000,-147.223
27.670000,-138.431
27.680000,-154.034
27.690000,-133.315
27.700000,-134.593
27.710000,-136.429
27.720000,-147.421
27.730000,-145.745
27.740000,-148.680
27.750000,-136.135
27.760000,-152.112
27.770000,-159.879
27.780000,-155.253
27.790000,-163.727
27.800000,-181.748
27.810000,-164.951
27.820000,-160.256
27.830000,-158.149
27.840000,-170.981
27.850000,-164.363
27.860000,-177.370
27.870000,-167.145
27.880000,-173.837
27.890000,-183.473
27.900000,-165.203
27.910000,-152.942
27.920000,-180.434
27.930000,-175.184
27.940000,-182.378
27.950000,-161.205
27.960000,-163.574
27.970000,-149.348
27.980000,-157.525
27.990000,-158.784
28.000000,-164.683
28.010000,-141.206
28.020000,-136.791
28.030000,-125.107
28.040000,-137.566
28.050000,-124.728
28.060000,-116.375
28.070000,-117.762
28.080000,-89.241
28.090000,-90.526
28.100000,-94.932
28.110000,-84.961
28.120000,-84.095
28.130000,-59.828
28.140000,-73.733
28.150000,-87.779
28.160000,-82.493
28.170000,-100.287
28.180000,-89.534
28.190000,-82.173
28.200000,-88.629
28.210000,-74.170
28.220000,-81.733
28.230000,-96.330
28.240000,-93.845
28.250000,-101.098
28.260000,-76.800
28.270000,-84.994
28.280000,-84.019
28.290000,-94.762
28.300000,-101.053
28.310000,-102.562
28.320000,-77.965
28.330000,-83.104
28.340000,-79.340
28.350000,-68.849
28.360000,-69.346
28.370000,-61.966
28.380000,-52.828
28.390000,-69.463
28.400000,-62.333
28.410000,-53.163
28.420000,-43.695
28.430000,-53.361
28.440000,-45.692
28.450000,-47.137
28.460000,-35.615
28.470000,-42.212
28.480000,-34.224
28.490000,-14.528
28.500000,-2.577
28.510000,-13.778
28.520000,10.709
28.530000,9.570
28.540000,1.779
28.550000,10.095
28.560000,22.106
28.570000,24.220
28.580000,18.885
28.590000,24.301
28.600000,27.278
28.610000,20.854
28.620000,29.644
28.630000,39.212
28.640000,39.260
28.650000,45.431
28.660000,48.080
28.670000,55.228
28.680000,54.299
28.690000,51.964
28.700000,59.845
28.710000,62.633
28.720000,69.725
28.730000,77.484
28.740000,65.887
28.750000,75.362
28.760000,84.440
28.770000,91.263
28.780000,80.983
28.790000,98.815
28.800000,92.305
28.810000,97.190
28.820000,87.936
28.830000,109.657
28.840000,93.299
28.850000,115.351
28.860000,111.792
28.870000,116.099
28.880000,127.953
28.890000,126.040
28.900000,135.195
28.910000,144.106
28.920000,121.563
28.930000,145.191
28.940000,133.055
28.950000,141.598
28.960000,132.117
28.970000,149.247
28.980000,155.536
28.990000,159.658
29.000000,145.260
29.010000,151.100
29.020000,177.434
29.030000,169.892
29.040000,173.713
29.050000,193.800
29.060000,175.667
29.070000,174.501
29.080000,182.205
29.090000,170.737
29.100000,185.989
29.110000,188.777
29.120000,174.645
29.130000,183.065
29.140000,181.092
29.150000,174.389
29.160000,212.620
29.170000,191.167
29.180000,191.091
29.190000,196.123
29.200000,204.043
29.210000,233.105
29.220000,231.834
29.230000,230.878
29.240000,259.298
29.250000,256.570
29.260000,267.141
29.270000,269.129
29.280000,274.080
29.290000,271.771
29.300000,270.010
29.310000,280.623
29.320000,295.587
29.330000,292.130
29.340000,303.613
29.350000,284.178
29.360000,300.592
29.370000,276.309
29.380000,275.615
29.390000,274.514
29.400000,264.495
29.410000,241.618
29.420000,248.413
29.430000,231.606
29.440000,244.758
29.450000,227.787
29.460000,234.568
29.470000,238.136
29.480000,223.480
29.490000,220.741
29.500000,227.227
29.510000,225.347
29.520000,225.313
29.530000,210.875
29.540000,221.986
29.550000,208.596
29.560000,209.721
29.570000,192.434
29.580000,188.214
29.590000,194.612
29.600000,180.457
29.610000,174.581
29.620000,161.946
29.630000,166.321
29.640000,162.575
29.650000,153.386
29.660000,152.910
29.670000,146.572
29.680000,141.109
29.690000,129.949
29.700000,117.339
29.710000,120.369
29.720000,105.309
29.730000,102.076
29.740000,95.798
29.750000,87.431
29.760000,83.688
29.770000,83.364
29.780000,72.790
29.790000,68.509
29.800000,64.189
29.810000,57.584
29.820000,50.799
29.830000,47.163
29.840000,40.142
29.850000,36.331
29.860000,31.371
29.870000,27.982
29.880000,23.430
29.890000,21.241
29.900000,15.304
29.910000,12.840
29.920000,10.218
29.930000,8.193
29.940000,6.239
29.950000,4.590
29.960000,3.141
29.970000,1.934
29.980000,0.982
29.990000,0.442
